period,period_start,period_end,snapshots_used,snapshots_expected,has_gaps,dex,pool_name,pool_address,bucket,avg_tvl_usd,total_volume_usd,snapshot_count
6-day-avg,2026-09-21,2026-09-26,6,6,false,astroport,LUNA-ampLUNA,terra1cupwgntu082ypw2ztgtxfzcenexcu6ggp5zzunn3yzfwgrvdcclqgjrjqg,project,1009293.50,184883.20,6
6-day-avg,2026-09-21,2026-09-26,6,6,false,astroport,LUNA-USDC.n,terra1v3lqxl0eyte9x3nhdgcj8hwvjq76aupnnzz0yll8mxs5cckc29pqvg2scu,stable,453037.00,244342.00,2
6-day-avg,2026-09-21,2026-09-26,6,6,false,astroport,USDC.n-EURe,terra1ys7edvw89krf47n4zsz4c4m9das7ppltjtfv2epw85thqpvl6hhqn55m6y,bluechip,284455.00,20976.18,2
6-day-avg,2026-09-21,2026-09-26,6,6,false,astroport,PAXG-WBTC,terra1g55qjcptzqgdyqfgzu5mj8x82955rvlxy4c37z5t6ldgz7cz033q0xr2lx,single,186252.67,12992.53,6
6-day-avg,2026-09-21,2026-09-26,6,6,false,astroport,USDC.n-USDT,terra1dnssvse0fqw4d4gqc8kvchfud5r6e8cr7w9cdpervhl2pgr2eecquujpg6,bluechip,117553.00,8705.64,2
6-day-avg,2026-09-21,2026-09-26,6,6,false,astroport,LUNA-WBTC,terra1mea829xtsnxwv4l9lhzs0tzpnyamjpz5y45a9tpp06jgdhjd48yqc4ales,bluechip,50898.50,42817.65,12
6-day-avg,2026-09-21,2026-09-26,6,6,false,astroport,LUNA-EURe,terra1vhxl8ggscmhae3muvwvs2vs8ppprzqf07xngcdp798fwnrcksjxszqfa8n,stable,101229.95,21244.21,6
6-day-avg,2026-09-21,2026-09-26,6,6,false,astroport,USDC.n-SOLID,terra1fwjxdjpl98shj20l4swlen9hyu4lhvekrvqkqn393lzzghmsn2wqjdnvpu,project,55234.45,3266.10,2
6-day-avg,2026-09-21,2026-09-26,6,6,false,astroport,LUNA-FUEL,terra10yfnsqn20rzlnlzkeva5255q27zp6ws9te9uuql9e0lacfcze7zsffjct5,project,61103.38,1318.03,6
6-day-avg,2026-09-21,2026-09-26,6,6,false,astroport,LUNA-ROAR,terra189v2ewgfx5wdhje6geefdtxefeemujplk8qw2wx3x5hdswn95l8qf4n2r0,project,52502.70,1557.19,6
6-day-avg,2026-09-21,2026-09-26,6,6,false,astroport,LUNA-arbLUNA,terra1p9lcjw8knxhtv2pyr9wa8e2ushjnjllljvsuu9cugv7trqynjzasz4x52j,single,30126.38,2603.87,12
6-day-avg,2026-09-21,2026-09-26,6,6,false,astroport,LUNA-CAPA,terra183wqgrwa2k0uvlz99j57c496gfuwgtaccrhv4stcjzv3ydacl9zq0hmf25,project,46147.90,1607.32,6
6-day-avg,2026-09-21,2026-09-26,6,6,false,astroport,LUNA-ATOM,terra1j3d29y506cvtavdpakdzl6e0g2xcskvmmulsetcd0jfwrpr8eu9qfe0dmf,bluechip,38836.12,10400.39,6
6-day-avg,2026-09-21,2026-09-26,6,6,false,astroport,LUNA-PAXG,terra1xgdyzzhs2v2ne3us2kyj5ry47fwc7uk44k035dyyygq42xechwwqlddmcr,bluechip,37223.82,12003.12,6
6-day-avg,2026-09-21,2026-09-26,6,6,false,astroport,LUNA-USDT,terra1aategw0787y4fyunmwdvdqraxfc8jtxykyed2skx3p5fd3lkgkmsqry7pz,stable,31541.32,7166.81,6
6-day-avg,2026-09-21,2026-09-26,6,6,false,astroport,LUNA-INJ,terra10m23jmgtx0lvc6v5gffdmcutlmrgy9pnf8wun4mxft2xd3dnqdvsv392j5,bluechip,18544.37,7205.33,6
6-day-avg,2026-09-21,2026-09-26,6,6,false,astroport,LUNA-SOLID,terra1e45ctmel6t5m9vdgxv3zxh3ecflkfcd6mr42sluzrqnhveqmy3fss338s7,stable,10789.05,1790.82,6
6-day-avg,2026-09-21,2026-09-26,6,6,false,astroport,LUNA-ASTRO,terra1nwepezm3mghyxm7fjfhfr2d4jwqzndtncf9tclgunqfcwhe52mpq4sxaqr,project,7799.24,741.93,6
6-day-avg,2026-09-21,2026-09-26,6,6,false,astroport,LUNA-stLUNA,terra1re0yj0j6e9v2szg7kp02ut6u8jjea586t6pnpq6628wl36fphtpqwt6l7p,project,8405.78,0.00,6
6-day-avg,2026-09-21,2026-09-26,6,6,false,astroport,ATOM-dATOM,terra1a0h6vrzkztjystg8sd949qyrc6mw9gzxk2870cr2mukg53uzgvqs46qul9,single,7069.72,4445.39,6
6-day-avg,2026-09-21,2026-09-26,6,6,false,astroport,LUNA-bLUNA,terra1h32epkd72x7st0wk49z35qlpsxf26pw4ydacs8acq6uka7hgshmq7z7vl9,project,5987.92,52.52,6
6-day-avg,2026-09-21,2026-09-26,6,6,false,astroport,wstETH-WETH.axl,terra1yga5eepqnpg77gaj59uqfkm2qtllvpq642cmx5gj5lzjf5v88wzs2srzp7,single,1156.83,82.42,6
6-day-avg,2026-09-21,2026-09-26,6,6,false,astroport,ATOM-stATOM,terra1f9vmtntpjmkyhkxtlc49jcq6cv8rfz0kr06zv6efdtdgae4m9y9qlzm36t,single,575.39,0.00,6
6-day-avg,2026-09-21,2026-09-26,6,6,false,astroport,LUNA-WBTC.axl,terra1afkvgc0mxfqakqlaqpxdgy58n79x4r239q3tucxmrsqvqk7ce3ksnctxfu,bluechip,536.71,575.46,6
6-day-avg,2026-09-21,2026-09-26,6,6,false,astroport,LUNA-SWTH,terra1crlsemxx6yjpeq3am9dzccln0dykusm685ecxscuyny7u596elqqj6xd9z,project,510.78,35.16,6
6-day-avg,2026-09-21,2026-09-26,6,6,false,astroport,LUNA-wBNB.axl,terra10clh64cpvjjen8f24qz2046d24s79w2ev2dyd9ke29wmqdqp4yjs3cyk0y,bluechip,470.06,0.00,6
6-day-avg,2026-09-21,2026-09-26,6,6,false,astroport,WBTC.axl-WBTC.osmo,terra1mps5z5gt2c2akwcp86mq0zhw66kdugtc3selcyradtje0vp0z49sfrk8jx,single,382.32,455.60,6
6-day-avg,2026-09-21,2026-09-26,6,6,false,astroport,SWTH-rSWTH,terra1rzw2egugtjhxz2x58z55kwldm96fzck8qsf9srf5v0uehf64a2asjsak68,single,222.73,0.00,6
6-day-avg,2026-09-21,2026-09-26,6,6,false,astroport,LUNA-wSOL.wh,terra16zzqwekwsqn4zlsyu4vhjr52ee2hdvppjcr8h22qznjadaazzdgsvd905d,bluechip,109.87,0.00,6
6-day-avg,2026-09-21,2026-09-26,6,6,false,astroport,LUNA-wstETH,terra1u0sp5gaw9amfa8vsaaqvvjpqqdyz4eeslzdjsgaq40afctpx7f6s6augj2,bluechip,51.19,36.52,6
6-day-avg,2026-09-21,2026-09-26,6,6,false,astroport,LUNA-wBNB.wh,terra1v3xmc8nn8h8e7z55d80a72g4rgz6mrxyasxq089k8n6m40xldlksf2w5x8,bluechip,31.37,0.00,6
6-day-avg,2026-09-21,2026-09-26,6,6,false,astroport,WHALE-bWHALE,terra18hhsyrjac6hud4tc9q05s8em35utm6jndswhw5v56lh5ld37ml6secl2rd,single,8.25,0.00,6
6-day-avg,2026-09-21,2026-09-26,6,6,false,astroport,WHALE-ampWHALE,terra129hvq9mgqtye4kg0cfmv9z6sq5f7sgpmrspr72968xx20gx4t2rqvpue0z,single,6.34,0.00,6
6-day-avg,2026-09-21,2026-09-26,6,6,false,astroport,LUNA-WHALE,terra1a6d0lcvfzyllulaaazzg5j70yn4m3e2t90shtlxsr3fwhcg34g2sgwfr75,project,4.33,0.00,6
6-day-avg,2026-09-21,2026-09-26,6,6,false,astroport,LUNA-USDC.nbl,terra1v3lqxl0eyte9x3nhdgcj8hwvjq76aupnnzz0yll8mxs5cckc29pqvg2scu,stable,432199.50,328033.50,4
6-day-avg,2026-09-21,2026-09-26,6,6,false,astroport,USDC.nbl-EURe,terra1ys7edvw89krf47n4zsz4c4m9das7ppltjtfv2epw85thqpvl6hhqn55m6y,bluechip,211286.00,19025.87,4
6-day-avg,2026-09-21,2026-09-26,6,6,false,astroport,USDC.nbl-USDT,terra1dnssvse0fqw4d4gqc8kvchfud5r6e8cr7w9cdpervhl2pgr2eecquujpg6,bluechip,130338.00,9127.53,4
6-day-avg,2026-09-21,2026-09-26,6,6,false,astroport,USDC.nbl-SOLID,terra1fwjxdjpl98shj20l4swlen9hyu4lhvekrvqkqn393lzzghmsn2wqjdnvpu,project,46055.75,2913.40,4
