date,time,dex,pool_name,pool_address,tvl_usd,volume_24h_usd,bucket,pool_type,is_amplified,latest_epoch_avg_liquidity,latest_epoch,deprecated,is_deregistered,fetch_ok,fees_24h_usd,fee_apr,lp_total_supply,astro_staked_usd,assets_json
2026-09-04,03:31:31,astroport,LUNA-ampLUNA,terra1cupwgntu082ypw2ztgtxfzcenexcu6ggp5zzunn3yzfwgrvdcclqgjrjqg,833241.00,36447.90,project,concentrated,false,805179.58,201,false,false,true,31.887300,0.01396819,6179010402165,94973.10,"[{""symbol"":""LUNA"",""denom"":""uluna"",""amount"":""11341070572730"",""price_usd"":0.04579197,""precision"":6},{""symbol"":""ampLUNA"",""denom"":""terra1ecgazyd0waaj3g7l9cmy5gulhxkps2gmxu9ghducvuypjq68mq2s5lvsct"",""amount"":""2984431287006"",""price_usd"":0.10470843072021649,""precision"":6}]"
2026-09-04,03:31:31,astroport,USDC-EURe,terra1ys7edvw89krf47n4zsz4c4m9das7ppltjtfv2epw85thqpvl6hhqn55m6y,369370.00,3620.06,bluechip,concentrated,false,321540.17,201,false,false,true,5.405230,0.00534128,168672949963,333144.00,"[{""symbol"":""USDC"",""denom"":""ibc/2C962DAB9F57FE0921435426AE75196009FAA1981BF86991203C8411F8980FDB"",""amount"":""183951116206"",""price_usd"":0.999913,""precision"":6},{""symbol"":""EURe"",""denom"":""ibc/8D52B251B447B7160421ACFBD50F6B0ABE5F98D2C404B03701130F12044439A1"",""amount"":""159864719904"",""price_usd"":1.16,""precision"":6}]"
2026-09-04,03:31:31,astroport,LUNA-USDC,terra1v3lqxl0eyte9x3nhdgcj8hwvjq76aupnnzz0yll8mxs5cckc29pqvg2scu,345151.00,47621.30,stable,concentrated,false,339444.14,201,false,false,true,20.663800,0.02185214,747481147354,268282.00,"[{""symbol"":""LUNA"",""denom"":""uluna"",""amount"":""3749269693197"",""price_usd"":0.04579197,""precision"":6},{""symbol"":""USDC"",""denom"":""ibc/2C962DAB9F57FE0921435426AE75196009FAA1981BF86991203C8411F8980FDB"",""amount"":""173353446911"",""price_usd"":0.999913,""precision"":6}]"
2026-09-04,03:31:31,astroport,LUNA-EURe,terra1vhxl8ggscmhae3muvwvs2vs8ppprzqf07xngcdp798fwnrcksjxszqfa8n,195424.00,1651.18,stable,concentrated,false,191271.96,201,false,false,true,1.450460,0.00270907,416266451538,185018.00,"[{""symbol"":""LUNA"",""denom"":""uluna"",""amount"":""2147741762413"",""price_usd"":0.04579197,""precision"":6},{""symbol"":""EURe"",""denom"":""ibc/8D52B251B447B7160421ACFBD50F6B0ABE5F98D2C404B03701130F12044439A1"",""amount"":""83503260139"",""price_usd"":1.16,""precision"":6}]"
2026-09-04,03:31:31,astroport,USDC-USDT,terra1dnssvse0fqw4d4gqc8kvchfud5r6e8cr7w9cdpervhl2pgr2eecquujpg6,192260.00,89.46,bluechip,stable,false,191983.05,201,false,false,true,0.022384,0.00004250,95768652744,141556.00,"[{""symbol"":""USDC"",""denom"":""ibc/2C962DAB9F57FE0921435426AE75196009FAA1981BF86991203C8411F8980FDB"",""amount"":""91342844659"",""price_usd"":0.999913,""precision"":6},{""symbol"":""USDT"",""denom"":""ibc/9B19062D46CAB50361CE9B0A3E6D0A7A53AC9E7CB361F32A73CC733144A9A9E5"",""amount"":""100935529120"",""price_usd"":0.99997,""precision"":6}]"
2026-09-04,03:31:31,astroport,PAXG-WBTC,terra1g55qjcptzqgdyqfgzu5mj8x82955rvlxy4c37z5t6ldgz7cz033q0xr2lx,151668.00,687.85,single,concentrated,false,152012.81,201,false,false,true,0.671592,0.00161623,3988444,55218.80,"[{""symbol"":""PAXG"",""denom"":""ibc/0EF5630576C66968EF0787868CF09FD866FAD131BC148D24A148358A85F0EB62"",""amount"":""16996925961028207000"",""price_usd"":4473.45,""precision"":18},{""symbol"":""WBTC"",""denom"":""ibc/88386AC48152D48B34B082648DF836F975506F0B57DBBFC10A54213B1BF484CB"",""amount"":""93732325"",""price_usd"":80707,""precision"":8}]"
2026-09-04,03:31:31,astroport,LUNA-WBTC,terra1mea829xtsnxwv4l9lhzs0tzpnyamjpz5y45a9tpp06jgdhjd48yqc4ales,113728.00,1822.77,bluechip,concentrated,false,107886.40,201,false,false,true,1.793760,0.00575691,927017419,105564.00,"[{""symbol"":""LUNA"",""denom"":""uluna"",""amount"":""1249264820067"",""price_usd"":0.04579197,""precision"":6},{""symbol"":""WBTC"",""denom"":""ibc/88386AC48152D48B34B082648DF836F975506F0B57DBBFC10A54213B1BF484CB"",""amount"":""69943163"",""price_usd"":80707,""precision"":8}]"
2026-09-04,03:31:31,astroport,USDC-SOLID,terra1fwjxdjpl98shj20l4swlen9hyu4lhvekrvqkqn393lzzghmsn2wqjdnvpu,89706.10,959.37,project,xyk,false,88968.23,201,false,false,true,1.909800,0.00777068,39744135943,75111.20,"[{""symbol"":""USDC"",""denom"":""ibc/2C962DAB9F57FE0921435426AE75196009FAA1981BF86991203C8411F8980FDB"",""amount"":""44876775431"",""price_usd"":0.999913,""precision"":6},{""symbol"":""SOLID"",""denom"":""terra10aa3zdkrc7jwuf8ekl3zq7e7m42vmzqehcmu74e4egc7xkm5kr2s0muyst"",""amount"":""45711152798"",""price_usd"":0.9805835882581037,""precision"":6}]"
2026-09-04,03:31:31,astroport,LUNA-CAPA,terra183wqgrwa2k0uvlz99j57c496gfuwgtaccrhv4stcjzv3ydacl9zq0hmf25,63567.80,140.79,project,concentrated,false,60378.89,201,false,false,true,0.140279,0.00080547,4067977209777,58367.30,"[{""symbol"":""CAPA"",""denom"":""terra1t4p3u8khpd7f8qzurwyafxt648dya6mp6vur3vaapswt6m24gkuqrfdhar"",""amount"":""24471921620472"",""price_usd"":0.001290408671402554,""precision"":6},{""symbol"":""LUNA"",""denom"":""uluna"",""amount"":""695602179525"",""price_usd"":0.04579197,""precision"":6}]"
2026-09-04,03:31:31,astroport,LUNA-FUEL,terra10yfnsqn20rzlnlzkeva5255q27zp6ws9te9uuql9e0lacfcze7zsffjct5,43073.20,5.42,project,concentrated,false,41720.19,201,false,false,true,0.002224,0.00001885,1945095940893,33163.00,"[{""symbol"":""FUEL"",""denom"":""ibc/4B44179AC2F0BEE50C16A673B3B886398988692885B2848A1C8AEF27148B3961"",""amount"":""8140268914665"",""price_usd"":0.002658696228134805,""precision"":6},{""symbol"":""LUNA"",""denom"":""uluna"",""amount"":""465990361710"",""price_usd"":0.04579197,""precision"":6}]"
2026-09-04,03:31:31,astroport,LUNA-ATOM,terra1j3d29y506cvtavdpakdzl6e0g2xcskvmmulsetcd0jfwrpr8eu9qfe0dmf,35209.50,911.38,bluechip,xyk,false,34569.13,201,false,false,true,1.826090,0.01893020,57971282049,30710.30,"[{""symbol"":""ATOM"",""denom"":""ibc/27394FB092D2ECCD56123C74F36E4C1F926001CEADA9CA97EA622B25F41E5EB2"",""amount"":""11660976974"",""price_usd"":1.51,""precision"":6},{""symbol"":""LUNA"",""denom"":""uluna"",""amount"":""383555099897"",""price_usd"":0.04579197,""precision"":6}]"
2026-09-04,03:31:31,astroport,LUNA-ROAR,terra189v2ewgfx5wdhje6geefdtxefeemujplk8qw2wx3x5hdswn95l8qf4n2r0,35180.40,59.93,project,concentrated,false,33253.57,201,false,false,true,0.059804,0.00062047,165875560315159,30609.40,"[{""symbol"":""ROAR"",""denom"":""terra1lxx40s29qvkrcj8fsa3yzyehy7w50umdvvnls2r830rys6lu2zns63eelv"",""amount"":""74922897599041280"",""price_usd"":2.31780231112e-7,""precision"":6},{""symbol"":""LUNA"",""denom"":""uluna"",""amount"":""387391355726"",""price_usd"":0.04579197,""precision"":6}]"
2026-09-04,03:31:31,astroport,LUNA-INJ,terra10m23jmgtx0lvc6v5gffdmcutlmrgy9pnf8wun4mxft2xd3dnqdvsv392j5,32836.90,570.67,bluechip,xyk,false,36594.88,201,false,false,true,1.143250,0.01270785,32723182971289132,30273.00,"[{""symbol"":""LUNA"",""denom"":""uluna"",""amount"":""357915616923"",""price_usd"":0.04579197,""precision"":6},{""symbol"":""INJ"",""denom"":""ibc/25BC59386BB65725F735EFC0C369BB717AA8B5DAD846EAF9CBF5D0F18F207211"",""amount"":""3.295596205624666e+21"",""price_usd"":4.93,""precision"":18}]"
2026-09-04,03:31:31,astroport,LUNA-PAXG,terra1xgdyzzhs2v2ne3us2kyj5ry47fwc7uk44k035dyyygq42xechwwqlddmcr,26568.50,570.89,bluechip,concentrated,false,27911.84,201,false,false,true,0.538490,0.00739782,922620601,23831.50,"[{""symbol"":""LUNA"",""denom"":""uluna"",""amount"":""293766943288"",""price_usd"":0.04579197,""precision"":6},{""symbol"":""PAXG"",""denom"":""ibc/0EF5630576C66968EF0787868CF09FD866FAD131BC148D24A148358A85F0EB62"",""amount"":""2923626988465309000"",""price_usd"":4473.45,""precision"":18}]"
2026-09-04,03:31:31,astroport,LUNA-arbLUNA,terra1p9lcjw8knxhtv2pyr9wa8e2ushjnjllljvsuu9cugv7trqynjzasz4x52j,15274.30,105.64,single,concentrated,false,14520.90,201,false,false,true,0.092398,0.00220797,102725986370,12629.30,"[{""symbol"":""LUNA"",""denom"":""uluna"",""amount"":""217767047184"",""price_usd"":0.04579197,""precision"":6},{""symbol"":""arbLUNA"",""denom"":""terra1se7rvuerys4kd2snt6vqswh9wugu49vhyzls8ymc02wl37g2p2ms5yz490"",""amount"":""42995415281"",""price_usd"":0.12266415852455101,""precision"":6}]"
2026-09-04,03:31:31,astroport,LUNA-SOLID,terra1e45ctmel6t5m9vdgxv3zxh3ecflkfcd6mr42sluzrqnhveqmy3fss338s7,14371.20,212.45,stable,xyk,false,16868.99,201,false,false,true,0.425383,0.01080389,27177734711,11926.70,"[{""symbol"":""SOLID"",""denom"":""terra10aa3zdkrc7jwuf8ekl3zq7e7m42vmzqehcmu74e4egc7xkm5kr2s0muyst"",""amount"":""7339881166"",""price_usd"":0.9805835882581037,""precision"":6},{""symbol"":""LUNA"",""denom"":""uluna"",""amount"":""156285140277"",""price_usd"":0.04579197,""precision"":6}]"
2026-09-04,03:31:31,astroport,LUNA-USDT,terra1aategw0787y4fyunmwdvdqraxfc8jtxykyed2skx3p5fd3lkgkmsqry7pz,12828.40,76.52,stable,concentrated,false,12582.66,201,false,false,true,0.154654,0.00440029,28831605246,9663.38,"[{""symbol"":""USDT"",""denom"":""ibc/9B19062D46CAB50361CE9B0A3E6D0A7A53AC9E7CB361F32A73CC733144A9A9E5"",""amount"":""6364102082"",""price_usd"":0.99997,""precision"":6},{""symbol"":""LUNA"",""denom"":""uluna"",""amount"":""140873055973"",""price_usd"":0.04579197,""precision"":6}]"
2026-09-04,03:31:31,astroport,LUNA-ASTRO,terra1nwepezm3mghyxm7fjfhfr2d4jwqzndtncf9tclgunqfcwhe52mpq4sxaqr,11071.60,1984.02,project,concentrated,false,10196.27,201,false,false,true,4.304120,0.14189492,1265278699182,9935.53,"[{""symbol"":""ASTRO"",""denom"":""ibc/8D8A7F7253615E5F76CB6252A1E1BD921D5EDB7BBAAF8913FB1C77FF125D9995"",""amount"":""15174116866006"",""price_usd"":0.000360499129936709,""precision"":6},{""symbol"":""LUNA"",""denom"":""uluna"",""amount"":""122337872409"",""price_usd"":0.04579197,""precision"":6}]"
2026-09-04,03:31:31,astroport,LUNA-arbLUNA,terra16nfwldn9j5xhry2y78gvm3x4vte8vu77zr3ctlan79w5f5aheawqnz7a4f,7868.64,20.82,single,stable,false,7278.95,201,false,true,true,0.005043,0.00023393,68103439768,6676.68,"[{""symbol"":""arbLUNA"",""denom"":""terra1se7rvuerys4kd2snt6vqswh9wugu49vhyzls8ymc02wl37g2p2ms5yz490"",""amount"":""9469342957"",""price_usd"":0.12266415852455101,""precision"":6},{""symbol"":""LUNA"",""denom"":""uluna"",""amount"":""146122254148"",""price_usd"":0.04579197,""precision"":6}]"
2026-09-04,03:31:31,astroport,ATOM-dATOM,terra1a0h6vrzkztjystg8sd949qyrc6mw9gzxk2870cr2mukg53uzgvqs46qul9,6482.55,272.41,single,concentrated,false,6482.55,201,false,false,true,0.220391,0.01240912,1664082610,194.98,"[{""symbol"":""ATOM"",""denom"":""ibc/27394FB092D2ECCD56123C74F36E4C1F926001CEADA9CA97EA622B25F41E5EB2"",""amount"":""2683584481"",""price_usd"":1.51,""precision"":6},{""symbol"":""dATOM"",""denom"":""ibc/223FF539430381ADAB3A66AC4822E253C3F845E9841F17FEEC207B3AA9F8D915"",""amount"":""930642001"",""price_usd"":2.6114631371333448,""precision"":6}]"
2026-09-04,03:31:31,astroport,LUNA-stLUNA,terra1re0yj0j6e9v2szg7kp02ut6u8jjea586t6pnpq6628wl36fphtpqwt6l7p,5717.90,0.00,project,stable,false,5720.89,201,false,false,true,0.000000,0.00000000,57752455130,4213.94,"[{""symbol"":""stLUNA"",""denom"":""ibc/08095CEDEA29977C9DD0CE9A48329FDA622C183359D5F90CF04CC4FF80CBE431"",""amount"":""11958170260"",""price_usd"":0.04579197,""precision"":6},{""symbol"":""LUNA"",""denom"":""uluna"",""amount"":""112641547985"",""price_usd"":0.04579197,""precision"":6}]"
2026-09-04,03:31:31,astroport,LUNA-bLUNA,terra1h32epkd72x7st0wk49z35qlpsxf26pw4ydacs8acq6uka7hgshmq7z7vl9,5115.20,0.00,project,stable,false,5488.39,201,false,false,true,0.000000,0.00000000,51973038849,3746.78,"[{""symbol"":""bLUNA"",""denom"":""terra17aj4ty4sz4yhgm08na8drc0v03v2jwr3waxcqrwhajj729zhl7zqnpc0ml"",""amount"":""12412461753"",""price_usd"":0.04579138791389863,""precision"":6},{""symbol"":""LUNA"",""denom"":""uluna"",""amount"":""99053990824"",""price_usd"":0.04579197,""precision"":6}]"
2026-09-04,03:31:31,astroport,wstETH-WETH.axl,terra1yga5eepqnpg77gaj59uqfkm2qtllvpq642cmx5gj5lzjf5v88wzs2srzp7,1065.64,43.25,single,xyk,false,1065.64,201,false,false,true,0.065293,0.02236397,371169456322555140,1065.64,"[{""symbol"":""wstETH"",""denom"":""ibc/A356EC90DC3AE43D485514DA7260EDC7ABB5CFAA0654CE2524C739392975AD3C"",""amount"":""342213681736490900"",""price_usd"":3118.34,""precision"":18},{""symbol"":""WETH.axl"",""denom"":""ibc/BC8A77AFBD872FDC32A348D3FB10CC09277C266CFE52081DE341C7EC6752E674"",""amount"":""416786151930387900"",""price_usd"":0,""precision"":18}]"
2026-09-04,03:31:31,astroport,LUNA-WBTC.axl,terra1afkvgc0mxfqakqlaqpxdgy58n79x4r239q3tucxmrsqvqk7ce3ksnctxfu,493.88,0.00,bluechip,concentrated,false,493.88,201,false,false,true,0.000000,0.00000000,4327878,292.95,"[{""symbol"":""LUNA"",""denom"":""uluna"",""amount"":""6194411532"",""price_usd"":0.04579197,""precision"":6},{""symbol"":""WBTC.axl"",""denom"":""ibc/05D299885B07905B6886F554B39346EA6761246076A1120B1950049B92B922DD"",""amount"":""346385"",""price_usd"":60517,""precision"":8}]"
2026-09-04,03:31:31,astroport,ATOM-stATOM,terra1f9vmtntpjmkyhkxtlc49jcq6cv8rfz0kr06zv6efdtdgae4m9y9qlzm36t,481.44,0.00,single,concentrated,false,481.44,201,false,false,true,0.000000,0.00000000,188262040,0.02,"[{""symbol"":""ATOM"",""denom"":""ibc/27394FB092D2ECCD56123C74F36E4C1F926001CEADA9CA97EA622B25F41E5EB2"",""amount"":""318833819"",""price_usd"":1.51,""precision"":6},{""symbol"":""stATOM"",""denom"":""ibc/FD9DBF0DB4D301313195159303811FD2FD72185C4B11A51659EFCD49D7FF1228"",""amount"":""97621198"",""price_usd"":0,""precision"":6}]"
2026-09-04,03:31:31,astroport,LUNA-SWTH,terra1crlsemxx6yjpeq3am9dzccln0dykusm685ecxscuyny7u596elqqj6xd9z,453.93,2.36,project,xyk,false,453.93,201,false,false,true,0.004783,0.00384598,133295243217,20.96,"[{""symbol"":""SWTH"",""denom"":""ibc/792AAE6279F4709F66068E29A79E6F16BBC0A9B93561A91FC040606793E62D6B"",""amount"":""132813613036931"",""price_usd"":0.00017212,""precision"":8},{""symbol"":""LUNA"",""denom"":""uluna"",""amount"":""4910458482"",""price_usd"":0.04579197,""precision"":6}]"
2026-09-04,03:31:31,astroport,LUNA-wBNB.axl,terra10clh64cpvjjen8f24qz2046d24s79w2ev2dyd9ke29wmqdqp4yjs3cyk0y,419.08,0.00,bluechip,concentrated,false,419.08,201,false,true,true,0.000000,0.00000000,36345180,1.52,"[{""symbol"":""wBNB.axl"",""denom"":""ibc/1319C6B38CA613C89D78C2D1461B305038B1085F6855E8CD276FE3F7C9600B4C"",""amount"":""307637337967574300"",""price_usd"":722.75,""precision"":18},{""symbol"":""LUNA"",""denom"":""uluna"",""amount"":""4291922171"",""price_usd"":0.04579197,""precision"":6}]"
2026-09-04,03:31:31,astroport,WBTC.axl-WBTC.osmo,terra1mps5z5gt2c2akwcp86mq0zhw66kdugtc3selcyradtje0vp0z49sfrk8jx,355.00,0.00,single,stable,false,355.00,201,false,false,true,0.000000,0.00000000,249916,353.58,"[{""symbol"":""WBTC.axl"",""denom"":""ibc/05D299885B07905B6886F554B39346EA6761246076A1120B1950049B92B922DD"",""amount"":""241678"",""price_usd"":60517,""precision"":8},{""symbol"":""WBTC.osmo"",""denom"":""ibc/CF57A83CED6CEC7D706631B5DC53ABC21B7EDA7DF7490732B4361E6D5DD19C73"",""amount"":""258874"",""price_usd"":80707,""precision"":8}]"
2026-09-04,03:31:31,astroport,SWTH-rSWTH,terra1rzw2egugtjhxz2x58z55kwldm96fzck8qsf9srf5v0uehf64a2asjsak68,206.10,0.00,single,xyk,false,206.10,201,false,false,true,0.000000,0.00000000,124949931586532,31.74,"[{""symbol"":""SWTH"",""denom"":""ibc/792AAE6279F4709F66068E29A79E6F16BBC0A9B93561A91FC040606793E62D6B"",""amount"":""119751445297622"",""price_usd"":0.00017212,""precision"":8},{""symbol"":""rSWTH"",""denom"":""ibc/0E90026619DD296AD4EF9546396F292B465BAB6B5BE00ABD6162AA1CE8E68098"",""amount"":""130516901689964"",""price_usd"":0,""precision"":8}]"
2026-09-04,03:31:31,astroport,LUNA-wSOL.wh,terra16zzqwekwsqn4zlsyu4vhjr52ee2hdvppjcr8h22qznjadaazzdgsvd905d,95.14,0.00,bluechip,concentrated,false,95.14,201,false,false,true,0.000000,0.00000000,15273830,84.70,"[{""symbol"":""LUNA"",""denom"":""uluna"",""amount"":""313484650"",""price_usd"":0.04579197,""precision"":6},{""symbol"":""wSOL.wh"",""denom"":""terra1ctelwayk6t2zu30a8v9kdg3u2gr0slpjdfny5pjp7m3tuquk32ysugyjdg"",""amount"":""77877647"",""price_usd"":103.87,""precision"":8}]"
2026-09-04,03:31:31,astroport,LUNA-wstETH,terra1u0sp5gaw9amfa8vsaaqvvjpqqdyz4eeslzdjsgaq40afctpx7f6s6augj2,45.35,8.91,bluechip,concentrated,false,45.35,201,false,false,true,0.018118,0.14583740,667449,45.25,"[{""symbol"":""LUNA"",""denom"":""uluna"",""amount"":""481486940"",""price_usd"":0.04579197,""precision"":6},{""symbol"":""wstETH"",""denom"":""ibc/A356EC90DC3AE43D485514DA7260EDC7ABB5CFAA0654CE2524C739392975AD3C"",""amount"":""7466349991088998"",""price_usd"":3118.34,""precision"":18}]"
2026-09-04,03:31:31,astroport,LUNA-WBTC,terra1p996av7ftzj973swd4yt2er2sn3v9y5j9qfxz67gatnrpf8lfgwsel8hcg,43.76,0.00,bluechip,concentrated,false,43.76,201,false,true,true,0.000000,0.00000000,357191,43.64,"[{""symbol"":""WBTC"",""denom"":""ibc/88386AC48152D48B34B082648DF836F975506F0B57DBBFC10A54213B1BF484CB"",""amount"":""27040"",""price_usd"":80707,""precision"":8},{""symbol"":""LUNA"",""denom"":""uluna"",""amount"":""478554200"",""price_usd"":0.04579197,""precision"":6}]"
2026-09-04,03:31:31,astroport,LUNA-wBNB.wh,terra1v3xmc8nn8h8e7z55d80a72g4rgz6mrxyasxq089k8n6m40xldlksf2w5x8,28.44,0.00,bluechip,concentrated,false,28.44,201,false,false,true,0.000000,0.00000000,1239803,16.91,"[{""symbol"":""LUNA"",""denom"":""uluna"",""amount"":""167383115"",""price_usd"":0.04579197,""precision"":6},{""symbol"":""wBNB.wh"",""denom"":""terra1xc7ynquupyfcn43sye5pfmnlzjcw2ck9keh0l2w2a4rhjnkp64uq4pr388"",""amount"":""2868177"",""price_usd"":724.7,""precision"":8}]"
2026-09-04,03:31:31,astroport,WHALE-ampWHALE,terra129hvq9mgqtye4kg0cfmv9z6sq5f7sgpmrspr72968xx20gx4t2rqvpue0z,5.24,0.00,single,xyk,false,5.24,201,false,false,true,0.000000,0.00000000,14883101328,0.03,"[{""symbol"":""WHALE"",""denom"":""ibc/36A02FFC4E74DF4F64305130C3DFA1B06BEAC775648927AA44467C76A77AB8DB"",""amount"":""21304124697"",""price_usd"":0.00007818,""precision"":6},{""symbol"":""ampWHALE"",""denom"":""ibc/B3F639855EE7478750CC8F82072307ED6E131A8EFF20345E1D136B50C4E5EC36"",""amount"":""20417680744"",""price_usd"":0.00017512,""precision"":6}]"
2026-09-04,03:31:31,astroport,WHALE-bWHALE,terra18hhsyrjac6hud4tc9q05s8em35utm6jndswhw5v56lh5ld37ml6secl2rd,4.97,0.00,single,xyk,false,4.97,201,false,false,true,0.000000,0.00000000,11208764507,0.10,"[{""symbol"":""WHALE"",""denom"":""ibc/36A02FFC4E74DF4F64305130C3DFA1B06BEAC775648927AA44467C76A77AB8DB"",""amount"":""31766305574"",""price_usd"":0.00007818,""precision"":6},{""symbol"":""bWHALE"",""denom"":""ibc/517E13F14A1245D4DE8CF467ADD4DA0058974CDCC880FA6AE536DBCA1D16D84E"",""amount"":""32140060292"",""price_usd"":0.000077270849749883,""precision"":6}]"
2026-09-04,03:31:31,astroport,LUNA-WHALE,terra1a6d0lcvfzyllulaaazzg5j70yn4m3e2t90shtlxsr3fwhcg34g2sgwfr75,3.08,0.00,project,concentrated,false,3.08,201,false,false,true,0.000000,0.00000000,729712265,0.00,"[{""symbol"":""WHALE"",""denom"":""ibc/36A02FFC4E74DF4F64305130C3DFA1B06BEAC775648927AA44467C76A77AB8DB"",""amount"":""18616693732"",""price_usd"":0.00007818,""precision"":6},{""symbol"":""LUNA"",""denom"":""uluna"",""amount"":""35490213"",""price_usd"":0.04579197,""precision"":6}]"
